ABC,1,PQR,20,N1A.jpg,40,260
ABC,1,PQR,20,N1A.jpg,154,176
ABC,1,PQR,20,N1A.jpg,150,300
ABC,1,PQR,20,N1A.jpg,210,420
ABC,1,PQR,20,N1A.jpg,195,390
ABC,1,PQR,20,N1A.jpg,264,231
ABC,1,PQR,20,N1A.jpg,215,430
ABC,1,PQR,20,N1A.jpg,264,231
ABC,1,PQR,20,N1A.jpg,252,378
ABC,1,PQR,20,N1A.jpg,360,240
ABC,1,PQR,20,N1A.jpg,225,450
ABC,1,PQR,20,N1A.jpg,266,304
ABC,1,PQR,20,N1A.jpg,258,387
ABC,1,PQR,20,N1A.jpg,276,414
ABC,1,PQR,20,N1A.jpg,212,583
ABC,1,PQR,20,N1A.jpg,264,396
ABC,1,PQR,20,N1A.jpg,208,572
ABC,1,PQR,20,N1A.jpg,86,559
ABC,1,PQR,20,N1A.jpg,318,477
ABC,1,PQR,20,N1A.jpg,306,459
ABC,1,PQR,20,N1B.jpg,0,30
ABC,1,PQR,20,N1B.jpg,0,210
ABC,1,PQR,20,N1B.jpg,210,240
ABC,1,PQR,20,N1B.jpg,247,38
ABC,1,PQR,20,N1B.jpg,180,270
ABC,1,PQR,20,N1B.jpg,288,192
ABC,1,PQR,20,N1B.jpg,182,208
ABC,1,PQR,20,N1B.jpg,205,410
ABC,1,PQR,20,N1B.jpg,266,304
ABC,1,PQR,20,N1B.jpg,231,264
ABC,1,PQR,20,N1B.jpg,217,248
ABC,1,PQR,20,N1B.jpg,322,23
ABC,1,PQR,20,N1B.jpg,343,392
ABC,1,PQR,20,N1B.jpg,376,329
ABC,1,PQR,20,N1B.jpg,235,470
ABC,1,PQR,20,N1B.jpg,280,320
ABC,1,PQR,20,N1B.jpg,250,500
ABC,1,PQR,20,N1B.jpg,260,520
ABC,1,PQR,20,N1B.jpg,336,504
ABC,1,PQR,20,N1B.jpg,372,558
ABC,1,PQR,20,N1C.jpg,234,351
ABC,1,PQR,20,N1C.jpg,186,279
ABC,1,PQR,20,N1C.jpg,525,0
ABC,1,PQR,20,N1C.jpg,172,473
ABC,1,PQR,20,N1C.jpg,228,342
ABC,1,PQR,20,N1C.jpg,210,315
ABC,1,PQR,20,N1C.jpg,245,280
ABC,1,PQR,20,N1C.jpg,162,243
ABC,1,PQR,20,N1C.jpg,306,204
ABC,1,PQR,20,N1C.jpg,205,410
ABC,1,PQR,20,N1C.jpg,276,414
ABC,1,PQR,20,N1C.jpg,225,450
ABC,1,PQR,20,N1C.jpg,0,75
ABC,1,PQR,20,N1C.jpg,240,480
ABC,1,PQR,20,N1C.jpg,250,500
ABC,1,PQR,20,N1C.jpg,270,405
ABC,1,PQR,20,N1C.jpg,459,306
ABC,1,PQR,20,N1C.jpg,275,550
ABC,1,PQR,20,N1C.jpg,318,477
ABC,1,PQR,20,N1C.jpg,330,495
ABC,1,PQR,20,N1D.jpg,0,15
ABC,1,PQR,20,N1D.jpg,0,60
ABC,1,PQR,20,N1D.jpg,143,22
ABC,1,PQR,20,N1D.jpg,195,390
ABC,1,PQR,20,N1D.jpg,243,162
ABC,1,PQR,20,N1D.jpg,200,175
ABC,1,PQR,20,N1D.jpg,196,224
ABC,1,PQR,20,N1D.jpg,288,192
ABC,1,PQR,20,N1D.jpg,135,270
ABC,1,PQR,20,N1D.jpg,270,135
ABC,1,PQR,20,N1D.jpg,270,135
ABC,1,PQR,20,N1D.jpg,180,360
ABC,1,PQR,20,N1D.jpg,148,407
ABC,1,PQR,20,N1D.jpg,230,460
ABC,1,PQR,20,N1D.jpg,150,225
ABC,1,PQR,20,N1D.jpg,210,240
ABC,1,PQR,20,N1D.jpg,294,336
ABC,1,PQR,20,N1D.jpg,126,504
ABC,1,PQR,20,N1D.jpg,430,215
ABC,1,PQR,20,N1D.jpg,288,192
ABC,1,PQR,20,N1E.jpg,0,180
ABC,1,PQR,20,N1E.jpg,182,208
ABC,1,PQR,20,N1E.jpg,161,184
ABC,1,PQR,20,N1E.jpg,224,256
ABC,1,PQR,20,N1E.jpg,210,240
ABC,1,PQR,20,N1E.jpg,94,611
ABC,1,PQR,20,N1E.jpg,175,350
ABC,1,PQR,20,N1E.jpg,184,506
ABC,1,PQR,20,N1E.jpg,175,350
ABC,1,PQR,20,N1E.jpg,76,494
ABC,1,PQR,20,N1E.jpg,258,387
ABC,1,PQR,20,N1E.jpg,288,252
ABC,1,PQR,20,N1E.jpg,258,387
ABC,1,PQR,20,N1E.jpg,235,470
ABC,1,PQR,20,N1E.jpg,324,486
ABC,1,PQR,20,N1E.jpg,160,440
ABC,1,PQR,20,N1E.jpg,282,423
ABC,1,PQR,20,N1E.jpg,270,540
ABC,1,PQR,20,N1E.jpg,306,204
ABC,1,PQR,20,N1E.jpg,330,495
